path,label
D:\archive\DFD_original sequences\16__kitchen_pan.mp4,0
D:\archive\DFD_manipulated_sequences\DFD_manipulated_sequences\03_06__walking_down_street_outside_angry__1IXGY2FK.mp4,1
D:\archive\DFD_manipulated_sequences\DFD_manipulated_sequences\07_03__podium_speech_happy__6PHZRQ4H.mp4,1
D:\archive\DFD_manipulated_sequences\DFD_manipulated_sequences\01_15__exit_phone_room__02HILKYO.mp4,1
D:\archive\DFD_manipulated_sequences\DFD_manipulated_sequences\25_26__outside_talking_still_laughing__7ZRKCFMS.mp4,1
D:\archive\DFD_manipulated_sequences\DFD_manipulated_sequences\15_12__kitchen_pan__RK17XFJ9.mp4,1
D:\archive\DFD_manipulated_sequences\DFD_manipulated_sequences\20_01__secret_conversation__FW94AIMJ.mp4,1
D:\archive\DFD_manipulated_sequences\DFD_manipulated_sequences\20_12__outside_talking_still_laughing__GHPWDH3C.mp4,1
D:\archive\DFD_manipulated_sequences\DFD_manipulated_sequences\14_03__exit_phone_room__0O9TTCJT.mp4,1
D:\archive\DFD_manipulated_sequences\DFD_manipulated_sequences\15_18__walking_and_outside_surprised__V5VHLCOW.mp4,1
D:\archive\DFD_original sequences\16__walking_down_street_outside_angry.mp4,0
D:\archive\DFD_manipulated_sequences\DFD_manipulated_sequences\17_08__exit_phone_room__CFIY1YEQ.mp4,1
D:\archive\DFD_manipulated_sequences\DFD_manipulated_sequences\10_24__exit_phone_room__356HPS7R.mp4,1
D:\archive\DFD_original sequences\04__walking_outside_cafe_disgusted.mp4,0
D:\archive\DFD_original sequences\14__secret_conversation.mp4,0
D:\archive\DFD_manipulated_sequences\DFD_manipulated_sequences\16_05__walk_down_hall_angry__O56DDU3S.mp4,1
D:\archive\DFD_manipulated_sequences\DFD_manipulated_sequences\06_27__walking_and_outside_surprised__O7L5Z9U8.mp4,1
D:\archive\DFD_manipulated_sequences\DFD_manipulated_sequences\13_03__kitchen_pan__GBYWJW06.mp4,1
D:\archive\DFD_manipulated_sequences\DFD_manipulated_sequences\02_09__walking_down_street_outside_angry__9TDCEK1Q.mp4,1
D:\archive\DFD_original sequences\07__secret_conversation.mp4,0
D:\archive\DFD_original sequences\21__walking_outside_cafe_disgusted.mp4,0
D:\archive\DFD_original sequences\23__exit_phone_room.mp4,0
D:\archive\DFD_manipulated_sequences\DFD_manipulated_sequences\19_23__talking_angry_couch__F7U8UY7V.mp4,1
D:\archive\DFD_manipulated_sequences\DFD_manipulated_sequences\25_06__secret_conversation__3QQBVBYN.mp4,1
D:\archive\DFD_original sequences\19__walk_down_hall_angry.mp4,0
D:\archive\DFD_manipulated_sequences\DFD_manipulated_sequences\10_19__podium_speech_happy__FFXB67PI.mp4,1
D:\archive\DFD_manipulated_sequences\DFD_manipulated_sequences\09_13__walking_down_street_outside_angry__3GQ49P2J.mp4,1
D:\archive\DFD_manipulated_sequences\DFD_manipulated_sequences\06_27__hugging_happy__S3T7SK9O.mp4,1
D:\archive\DFD_manipulated_sequences\DFD_manipulated_sequences\19_24__exit_phone_room__QD5K7BP2.mp4,1
D:\archive\DFD_manipulated_sequences\DFD_manipulated_sequences\22_24__kitchen_still__7E3GY85F.mp4,1
D:\archive\DFD_manipulated_sequences\DFD_manipulated_sequences\15_12__talking_angry_couch__N0SRODQD.mp4,1
D:\archive\DFD_manipulated_sequences\DFD_manipulated_sequences\07_02__exit_phone_room__9NVRE2KQ.mp4,1
D:\archive\DFD_manipulated_sequences\DFD_manipulated_sequences\14_20__hugging_happy__B014BKVO.mp4,1
D:\archive\DFD_manipulated_sequences\DFD_manipulated_sequences\13_20__walk_down_hall_angry__43KAHOT2.mp4,1
D:\archive\DFD_manipulated_sequences\DFD_manipulated_sequences\09_13__kitchen_pan__21H6XSPE.mp4,1
D:\archive\DFD_original sequences\19__kitchen_pan.mp4,0
D:\archive\DFD_original sequences\08__walking_down_street_outside_angry.mp4,0
D:\archive\DFD_manipulated_sequences\DFD_manipulated_sequences\20_27__kitchen_pan__LM907ECA.mp4,1
D:\archive\DFD_original sequences\15__walking_down_street_outside_angry.mp4,0
D:\archive\DFD_manipulated_sequences\DFD_manipulated_sequences\15_07__outside_talking_still_laughing__KM6M2TBT.mp4,1
D:\archive\DFD_original sequences\01__exit_phone_room.mp4,0
D:\archive\DFD_manipulated_sequences\DFD_manipulated_sequences\03_06__hugging_happy__2XWC5JED.mp4,1
D:\archive\DFD_original sequences\07__walking_down_street_outside_angry.mp4,0
D:\archive\DFD_manipulated_sequences\DFD_manipulated_sequences\03_15__meeting_serious__OY4I7ZU8.mp4,1
D:\archive\DFD_original sequences\10__walking_outside_cafe_disgusted.mp4,0
D:\archive\DFD_manipulated_sequences\DFD_manipulated_sequences\02_15__kitchen_still__I8G2LWD1.mp4,1
D:\archive\DFD_manipulated_sequences\DFD_manipulated_sequences\09_02__podium_speech_happy__HIH8YA82.mp4,1
D:\archive\DFD_manipulated_sequences\DFD_manipulated_sequences\26_12__kitchen_pan__BFBNM8FR.mp4,1
D:\archive\DFD_original sequences\06__outside_talking_still_laughing.mp4,0
D:\archive\DFD_original sequences\15__walking_and_outside_surprised.mp4,0
D:\archive\DFD_original sequences\13__walking_and_outside_surprised.mp4,0
D:\archive\DFD_original sequences\01__secret_conversation.mp4,0
D:\archive\DFD_original sequences\09__kitchen_pan.mp4,0
D:\archive\DFD_original sequences\02__meeting_serious.mp4,0
D:\archive\DFD_manipulated_sequences\DFD_manipulated_sequences\26_04__walk_down_hall_angry__WX836VLY.mp4,1
D:\archive\DFD_original sequences\19__exit_phone_room.mp4,0
D:\archive\DFD_original sequences\15__walk_down_hall_angry.mp4,0
D:\archive\DFD_manipulated_sequences\DFD_manipulated_sequences\17_05__walk_down_hall_angry__YTJYYDO9.mp4,1
D:\archive\DFD_original sequences\22__kitchen_still.mp4,0
D:\archive\DFD_manipulated_sequences\DFD_manipulated_sequences\07_11__hugging_happy__R7R86Z62.mp4,1
D:\archive\DFD_manipulated_sequences\DFD_manipulated_sequences\26_25__podium_speech_happy__0UFFR3U1.mp4,1
D:\archive\DFD_manipulated_sequences\DFD_manipulated_sequences\02_13__meeting_serious__CP5HFV3K.mp4,1
D:\archive\DFD_manipulated_sequences\DFD_manipulated_sequences\11_13__kitchen_still__61T622EK.mp4,1
D:\archive\DFD_original sequences\14__walking_down_street_outside_angry.mp4,0
D:\archive\DFD_original sequences\06__talking_against_wall.mp4,0
D:\archive\DFD_manipulated_sequences\DFD_manipulated_sequences\04_18__talking_angry_couch__6J3ZFEJQ.mp4,1
D:\archive\DFD_original sequences\23__outside_talking_still_laughing.mp4,0
D:\archive\DFD_manipulated_sequences\DFD_manipulated_sequences\21_07__talking_angry_couch__MKU99DVX.mp4,1
D:\archive\DFD_manipulated_sequences\DFD_manipulated_sequences\06_27__walking_and_outside_surprised__VN14WY2N.mp4,1
D:\archive\DFD_original sequences\14__walking_down_indoor_hall_disgust.mp4,0
D:\archive\DFD_manipulated_sequences\DFD_manipulated_sequences\25_02__walking_down_street_outside_angry__Z7FQ69VP.mp4,1
D:\archive\DFD_manipulated_sequences\DFD_manipulated_sequences\02_06__kitchen_pan__0M6JNS5D.mp4,1
D:\archive\DFD_original sequences\24__kitchen_pan.mp4,0
D:\archive\DFD_manipulated_sequences\DFD_manipulated_sequences\25_06__outside_talking_still_laughing__3QQBVBYN.mp4,1
D:\archive\DFD_original sequences\26__podium_speech_happy.mp4,0
D:\archive\DFD_manipulated_sequences\DFD_manipulated_sequences\27_06__walk_down_hall_angry__S3T7SK9O.mp4,1
D:\archive\DFD_manipulated_sequences\DFD_manipulated_sequences\22_23__outside_talking_still_laughing__10R2HRAU.mp4,1
D:\archive\DFD_original sequences\03__walk_down_hall_angry.mp4,0
D:\archive\DFD_manipulated_sequences\DFD_manipulated_sequences\06_12__hugging_happy__3K21NFNM.mp4,1
D:\archive\DFD_manipulated_sequences\DFD_manipulated_sequences\03_07__talking_against_wall__PWXXULHR.mp4,1
D:\archive\DFD_manipulated_sequences\DFD_manipulated_sequences\15_13__outside_talking_still_laughing__X0EIIJF7.mp4,1
D:\archive\DFD_manipulated_sequences\DFD_manipulated_sequences\03_09__outside_talking_pan_laughing__8DTEGQ54.mp4,1
D:\archive\DFD_original sequences\07__kitchen_pan.mp4,0
D:\archive\DFD_manipulated_sequences\DFD_manipulated_sequences\19_24__podium_speech_happy__QD5K7BP2.mp4,1
D:\archive\DFD_manipulated_sequences\DFD_manipulated_sequences\27_02__walking_and_outside_surprised__QW05XUUZ.mp4,1
D:\archive\DFD_manipulated_sequences\DFD_manipulated_sequences\14_20__walking_down_street_outside_angry__B014BKVO.mp4,1
D:\archive\DFD_original sequences\11__outside_talking_still_laughing.mp4,0
D:\archive\DFD_manipulated_sequences\DFD_manipulated_sequences\22_10__outside_talking_pan_laughing__1TXK09OY.mp4,1
D:\archive\DFD_manipulated_sequences\DFD_manipulated_sequences\21_09__walking_outside_cafe_disgusted__JEELOMN2.mp4,1
D:\archive\DFD_original sequences\10__kitchen_pan.mp4,0
D:\archive\DFD_original sequences\20__talking_angry_couch.mp4,0
D:\archive\DFD_original sequences\20__secret_conversation.mp4,0
D:\archive\DFD_original sequences\06__walking_outside_cafe_disgusted.mp4,0
D:\archive\DFD_manipulated_sequences\DFD_manipulated_sequences\07_04__exit_phone_room__QKCCFKBT.mp4,1
D:\archive\DFD_original sequences\23__walk_down_hall_angry.mp4,0
D:\archive\DFD_manipulated_sequences\DFD_manipulated_sequences\03_07__walking_and_outside_surprised__IFSURI9X.mp4,1
D:\archive\DFD_manipulated_sequences\DFD_manipulated_sequences\25_12__walking_outside_cafe_disgusted__FQE07ND1.mp4,1
D:\archive\DFD_manipulated_sequences\DFD_manipulated_sequences\18_11__podium_speech_happy__DBSWZLXL.mp4,1
D:\archive\DFD_original sequences\23__talking_against_wall.mp4,0
D:\archive\DFD_manipulated_sequences\DFD_manipulated_sequences\27_25__walking_and_outside_surprised__1KU29EUL.mp4,1
D:\archive\DFD_original sequences\17__talking_angry_couch.mp4,0
D:\archive\DFD_manipulated_sequences\DFD_manipulated_sequences\14_20__walking_and_outside_surprised__B014BKVO.mp4,1
D:\archive\DFD_manipulated_sequences\DFD_manipulated_sequences\14_21__hugging_happy__N0WM4GSV.mp4,1
D:\archive\DFD_original sequences\17__walking_and_outside_surprised.mp4,0
D:\archive\DFD_original sequences\11__kitchen_still.mp4,0
D:\archive\DFD_manipulated_sequences\DFD_manipulated_sequences\02_13__outside_talking_pan_laughing__0RKOCC6A.mp4,1
D:\archive\DFD_manipulated_sequences\DFD_manipulated_sequences\06_11__outside_talking_still_laughing__C8C4FW99.mp4,1
D:\archive\DFD_manipulated_sequences\DFD_manipulated_sequences\21_20__walking_down_indoor_hall_disgust__ZCB5OMEW.mp4,1
D:\archive\DFD_manipulated_sequences\DFD_manipulated_sequences\03_01__hugging_happy__ISF9SP4G.mp4,1
D:\archive\DFD_manipulated_sequences\DFD_manipulated_sequences\03_13__meeting_serious__T3MZOI8X.mp4,1
D:\archive\DFD_manipulated_sequences\DFD_manipulated_sequences\18_06__podium_speech_happy__M36D0OJT.mp4,1
D:\archive\DFD_original sequences\28__outside_talking_still_laughing.mp4,0
D:\archive\DFD_manipulated_sequences\DFD_manipulated_sequences\26_14__kitchen_still__ILLP29ZH.mp4,1
D:\archive\DFD_original sequences\19__podium_speech_happy.mp4,0
D:\archive\DFD_manipulated_sequences\DFD_manipulated_sequences\01_26__exit_phone_room__BTVMWLG6.mp4,1
D:\archive\DFD_original sequences\20__walk_down_hall_angry.mp4,0
D:\archive\DFD_manipulated_sequences\DFD_manipulated_sequences\24_19__secret_conversation__NPZW2Z9L.mp4,1
D:\archive\DFD_original sequences\03__podium_speech_happy.mp4,0
D:\archive\DFD_manipulated_sequences\DFD_manipulated_sequences\15_03__exit_phone_room__GZNLO4X9.mp4,1
D:\archive\DFD_manipulated_sequences\DFD_manipulated_sequences\07_02__secret_conversation__1JCLEEBQ.mp4,1
D:\archive\DFD_manipulated_sequences\DFD_manipulated_sequences\07_15__walk_down_hall_angry__NYPO7U50.mp4,1
D:\archive\DFD_manipulated_sequences\DFD_manipulated_sequences\24_22__kitchen_still__7E3GY85F.mp4,1
D:\archive\DFD_manipulated_sequences\DFD_manipulated_sequences\01_04__walking_down_street_outside_angry__0XUW13RW.mp4,1
D:\archive\DFD_manipulated_sequences\DFD_manipulated_sequences\07_06__walking_down_street_outside_angry__NMGYPBXE.mp4,1
D:\archive\DFD_manipulated_sequences\DFD_manipulated_sequences\14_26__secret_conversation__ILLP29ZH.mp4,1
D:\archive\DFD_original sequences\14__kitchen_still.mp4,0
D:\archive\DFD_original sequences\21__hugging_happy.mp4,0
D:\archive\DFD_manipulated_sequences\DFD_manipulated_sequences\07_06__walking_outside_cafe_disgusted__NMGYPBXE.mp4,1
D:\archive\DFD_original sequences\15__walking_outside_cafe_disgusted.mp4,0
D:\archive\DFD_manipulated_sequences\DFD_manipulated_sequences\03_11__walking_outside_cafe_disgusted__VLCLB0AU.mp4,1
D:\archive\DFD_manipulated_sequences\DFD_manipulated_sequences\02_15__kitchen_still__XNJIS4S3.mp4,1
D:\archive\DFD_manipulated_sequences\DFD_manipulated_sequences\12_15__kitchen_pan__N0SRODQD.mp4,1
D:\archive\DFD_manipulated_sequences\DFD_manipulated_sequences\03_11__walking_down_indoor_hall_disgust__P08VGHTA.mp4,1
D:\archive\DFD_manipulated_sequences\DFD_manipulated_sequences\27_02__talking_angry_couch__GVFLSZD5.mp4,1
D:\archive\DFD_manipulated_sequences\DFD_manipulated_sequences\21_04__outside_talking_pan_laughing__HY1VWEJK.mp4,1
D:\archive\DFD_original sequences\03__walking_down_street_outside_angry.mp4,0
D:\archive\DFD_original sequences\28__walk_down_hall_angry.mp4,0
D:\archive\DFD_manipulated_sequences\DFD_manipulated_sequences\14_20__kitchen_pan__R7SPX6OK.mp4,1
D:\archive\DFD_manipulated_sequences\DFD_manipulated_sequences\15_02__podium_speech_happy__XNJIS4S3.mp4,1
D:\archive\DFD_manipulated_sequences\DFD_manipulated_sequences\07_15__walk_down_hall_angry__KM6M2TBT.mp4,1
D:\archive\DFD_manipulated_sequences\DFD_manipulated_sequences\28_05__kitchen_pan__2DK5X0Y0.mp4,1
D:\archive\DFD_original sequences\12__outside_talking_pan_laughing.mp4,0
D:\archive\DFD_manipulated_sequences\DFD_manipulated_sequences\09_02__exit_phone_room__HIH8YA82.mp4,1
D:\archive\DFD_original sequences\04__exit_phone_room.mp4,0
D:\archive\DFD_original sequences\09__walk_down_hall_angry.mp4,0
D:\archive\DFD_manipulated_sequences\DFD_manipulated_sequences\01_27__outside_talking_pan_laughing__S2YCUY48.mp4,1
D:\archive\DFD_original sequences\07__outside_talking_still_laughing.mp4,0
D:\archive\DFD_manipulated_sequences\DFD_manipulated_sequences\13_11__outside_talking_still_laughing__61T622EK.mp4,1
D:\archive\DFD_manipulated_sequences\DFD_manipulated_sequences\03_07__outside_talking_still_laughing__W3MXGEU9.mp4,1
D:\archive\DFD_manipulated_sequences\DFD_manipulated_sequences\25_27__outside_talking_pan_laughing__GNIMW95Z.mp4,1
D:\archive\DFD_manipulated_sequences\DFD_manipulated_sequences\07_03__walking_down_street_outside_angry__PWXXULHR.mp4,1
D:\archive\DFD_original sequences\02__kitchen_pan.mp4,0
D:\archive\DFD_manipulated_sequences\DFD_manipulated_sequences\15_18__kitchen_still__V5VHLCOW.mp4,1
D:\archive\DFD_original sequences\18__walking_down_street_outside_angry.mp4,0
D:\archive\DFD_manipulated_sequences\DFD_manipulated_sequences\07_21__talking_against_wall__CRGVSDBI.mp4,1
D:\archive\DFD_original sequences\27__walking_outside_cafe_disgusted.mp4,0
D:\archive\DFD_manipulated_sequences\DFD_manipulated_sequences\02_07__hugging_happy__1JCLEEBQ.mp4,1
D:\archive\DFD_manipulated_sequences\DFD_manipulated_sequences\15_03__walking_down_indoor_hall_disgust__OY4I7ZU8.mp4,1
D:\archive\DFD_manipulated_sequences\DFD_manipulated_sequences\26_07__talking_against_wall__FGNGC2GT.mp4,1
D:\archive\DFD_original sequences\20__exit_phone_room.mp4,0
D:\archive\DFD_manipulated_sequences\DFD_manipulated_sequences\02_15__talking_against_wall__QYSDT9SO.mp4,1
D:\archive\DFD_original sequences\22__walking_down_indoor_hall_disgust.mp4,0
D:\archive\DFD_manipulated_sequences\DFD_manipulated_sequences\14_20__walking_outside_cafe_disgusted__3HWOJRAM.mp4,1
D:\archive\DFD_manipulated_sequences\DFD_manipulated_sequences\11_01__outside_talking_pan_laughing__9OM3VE0Y.mp4,1
D:\archive\DFD_original sequences\12__hugging_happy.mp4,0
D:\archive\DFD_original sequences\23__walking_and_outside_surprised.mp4,0
D:\archive\DFD_original sequences\23__walking_down_indoor_hall_disgust.mp4,0
D:\archive\DFD_original sequences\11__walk_down_hall_angry.mp4,0
D:\archive\DFD_original sequences\04__kitchen_still.mp4,0
D:\archive\DFD_original sequences\23__kitchen_still.mp4,0
D:\archive\DFD_manipulated_sequences\DFD_manipulated_sequences\25_15__walk_down_hall_angry__BXVA6VQB.mp4,1
D:\archive\DFD_original sequences\08__outside_talking_pan_laughing.mp4,0
D:\archive\DFD_manipulated_sequences\DFD_manipulated_sequences\02_09__secret_conversation__6KUOFMZW.mp4,1
D:\archive\DFD_original sequences\06__walk_down_hall_angry.mp4,0
D:\archive\DFD_manipulated_sequences\DFD_manipulated_sequences\28_08__walking_outside_cafe_disgusted__8BC35RFU.mp4,1
D:\archive\DFD_original sequences\23__podium_speech_happy.mp4,0
D:\archive\DFD_original sequences\20__walking_and_outside_surprised.mp4,0
D:\archive\DFD_original sequences\09__walking_down_street_outside_angry.mp4,0
D:\archive\DFD_original sequences\19__walking_outside_cafe_disgusted.mp4,0
D:\archive\DFD_original sequences\04__secret_conversation.mp4,0
D:\archive\DFD_original sequences\21__podium_speech_happy.mp4,0
D:\archive\DFD_original sequences\15__kitchen_pan.mp4,0
D:\archive\DFD_manipulated_sequences\DFD_manipulated_sequences\01_20__outside_talking_still_laughing__FW94AIMJ.mp4,1
D:\archive\DFD_original sequences\26__exit_phone_room.mp4,0
D:\archive\DFD_original sequences\02__outside_talking_pan_laughing.mp4,0
D:\archive\DFD_manipulated_sequences\DFD_manipulated_sequences\15_06__kitchen_still__QRCD27P8.mp4,1
D:\archive\DFD_manipulated_sequences\DFD_manipulated_sequences\15_02__hugging_happy__SB6PMCO0.mp4,1
D:\archive\DFD_original sequences\12__outside_talking_still_laughing.mp4,0
D:\archive\DFD_original sequences\01__walk_down_hall_angry.mp4,0
D:\archive\DFD_original sequences\05__exit_phone_room.mp4,0
D:\archive\DFD_manipulated_sequences\DFD_manipulated_sequences\07_12__outside_talking_pan_laughing__0VN0A2T3.mp4,1
D:\archive\DFD_manipulated_sequences\DFD_manipulated_sequences\02_07__walk_down_hall_angry__1JCLEEBQ.mp4,1
D:\archive\DFD_original sequences\07__walking_outside_cafe_disgusted.mp4,0
D:\archive\DFD_original sequences\23__talking_angry_couch.mp4,0
D:\archive\DFD_manipulated_sequences\DFD_manipulated_sequences\07_25__exit_phone_room__IKMKYKPG.mp4,1
D:\archive\DFD_manipulated_sequences\DFD_manipulated_sequences\20_03__talking_angry_couch__61SVZ2J7.mp4,1
D:\archive\DFD_original sequences\22__secret_conversation.mp4,0
D:\archive\DFD_manipulated_sequences\DFD_manipulated_sequences\03_07__talking_against_wall__WPT3Z2KN.mp4,1
D:\archive\DFD_original sequences\14__talking_against_wall.mp4,0
D:\archive\DFD_original sequences\03__kitchen_pan.mp4,0
D:\archive\DFD_original sequences\20__kitchen_still.mp4,0
D:\archive\DFD_manipulated_sequences\DFD_manipulated_sequences\12_14__outside_talking_pan_laughing__Z7EWFA0P.mp4,1
D:\archive\DFD_original sequences\10__exit_phone_room.mp4,0
D:\archive\DFD_manipulated_sequences\DFD_manipulated_sequences\07_12__walk_down_hall_angry__KAG65PEE.mp4,1
D:\archive\DFD_manipulated_sequences\DFD_manipulated_sequences\11_18__walking_outside_cafe_disgusted__TRJUIS24.mp4,1
D:\archive\DFD_original sequences\26__secret_conversation.mp4,0
D:\archive\DFD_manipulated_sequences\DFD_manipulated_sequences\21_07__walking_down_street_outside_angry__K7KXUHMU.mp4,1
D:\archive\DFD_manipulated_sequences\DFD_manipulated_sequences\28_08__kitchen_still__8BC35RFU.mp4,1
D:\archive\DFD_original sequences\24__exit_phone_room.mp4,0
D:\archive\DFD_manipulated_sequences\DFD_manipulated_sequences\01_20__meeting_serious__6UBMLXK3.mp4,1
D:\archive\DFD_original sequences\02__outside_talking_still_laughing.mp4,0
D:\archive\DFD_original sequences\11__outside_talking_pan_laughing.mp4,0
D:\archive\DFD_original sequences\07__podium_speech_happy.mp4,0
D:\archive\DFD_manipulated_sequences\DFD_manipulated_sequences\04_15__walking_outside_cafe_disgusted__46TJ9IOJ.mp4,1
D:\archive\DFD_manipulated_sequences\DFD_manipulated_sequences\21_07__walking_down_indoor_hall_disgust__CRGVSDBI.mp4,1
D:\archive\DFD_original sequences\20__walking_down_indoor_hall_disgust.mp4,0
D:\archive\DFD_manipulated_sequences\DFD_manipulated_sequences\12_25__walking_and_outside_surprised__FQE07ND1.mp4,1
D:\archive\DFD_original sequences\25__walking_outside_cafe_disgusted.mp4,0
D:\archive\DFD_original sequences\18__kitchen_pan.mp4,0
D:\archive\DFD_original sequences\25__outside_talking_pan_laughing.mp4,0
D:\archive\DFD_manipulated_sequences\DFD_manipulated_sequences\23_19__secret_conversation__H4SUVFTL.mp4,1
D:\archive\DFD_manipulated_sequences\DFD_manipulated_sequences\02_13__walking_down_street_outside_angry__2YSYT2N3.mp4,1
D:\archive\DFD_manipulated_sequences\DFD_manipulated_sequences\04_15__walk_down_hall_angry__7NW4Z6WZ.mp4,1
D:\archive\DFD_original sequences\25__walking_down_street_outside_angry.mp4,0
D:\archive\DFD_original sequences\27__kitchen_pan.mp4,0
D:\archive\DFD_manipulated_sequences\DFD_manipulated_sequences\07_02__walk_down_hall_angry__1JCLEEBQ.mp4,1
D:\archive\DFD_manipulated_sequences\DFD_manipulated_sequences\14_03__talking_angry_couch__L0GHYIFS.mp4,1
D:\archive\DFD_manipulated_sequences\DFD_manipulated_sequences\11_18__podium_speech_happy__DBSWZLXL.mp4,1
D:\archive\DFD_manipulated_sequences\DFD_manipulated_sequences\19_23__outside_talking_pan_laughing__H4SUVFTL.mp4,1
D:\archive\DFD_manipulated_sequences\DFD_manipulated_sequences\01_04__hugging_happy__GBC7ZGDP.mp4,1
D:\archive\DFD_manipulated_sequences\DFD_manipulated_sequences\20_12__talking_against_wall__GHPWDH3C.mp4,1
D:\archive\DFD_original sequences\13__outside_talking_still_laughing.mp4,0
D:\archive\DFD_manipulated_sequences\DFD_manipulated_sequences\26_03__talking_against_wall__WBSXBL82.mp4,1
D:\archive\DFD_original sequences\22__outside_talking_pan_laughing.mp4,0
D:\archive\DFD_original sequences\25__walk_down_hall_angry.mp4,0
D:\archive\DFD_manipulated_sequences\DFD_manipulated_sequences\14_20__walking_down_indoor_hall_disgust__R7SPX6OK.mp4,1
D:\archive\DFD_original sequences\14__outside_talking_still_laughing.mp4,0
D:\archive\DFD_original sequences\27__walking_and_outside_surprised.mp4,0
D:\archive\DFD_original sequences\01__talking_angry_couch.mp4,0
D:\archive\DFD_manipulated_sequences\DFD_manipulated_sequences\09_02__kitchen_pan__HIH8YA82.mp4,1
D:\archive\DFD_manipulated_sequences\DFD_manipulated_sequences\07_15__talking_angry_couch__8MEZ98NR.mp4,1
D:\archive\DFD_original sequences\17__kitchen_pan.mp4,0
D:\archive\DFD_original sequences\26__kitchen_still.mp4,0
D:\archive\DFD_manipulated_sequences\DFD_manipulated_sequences\01_04__meeting_serious__0XUW13RW.mp4,1
D:\archive\DFD_manipulated_sequences\DFD_manipulated_sequences\26_20__exit_phone_room__XWMKFMF6.mp4,1
D:\archive\DFD_original sequences\16__walk_down_hall_angry.mp4,0
D:\archive\DFD_manipulated_sequences\DFD_manipulated_sequences\24_19__outside_talking_pan_laughing__LVZNRK9S.mp4,1
D:\archive\DFD_manipulated_sequences\DFD_manipulated_sequences\20_06__walk_down_hall_angry__6SUW7063.mp4,1
D:\archive\DFD_manipulated_sequences\DFD_manipulated_sequences\04_13__walking_down_street_outside_angry__00T3UYOR.mp4,1
D:\archive\DFD_original sequences\27__podium_speech_happy.mp4,0
D:\archive\DFD_original sequences\07__talking_angry_couch.mp4,0
D:\archive\DFD_manipulated_sequences\DFD_manipulated_sequences\14_07__outside_talking_pan_laughing__P9QFO50U.mp4,1
D:\archive\DFD_original sequences\06__outside_talking_pan_laughing.mp4,0
D:\archive\DFD_original sequences\05__podium_speech_happy.mp4,0
D:\archive\DFD_manipulated_sequences\DFD_manipulated_sequences\23_22__walking_down_street_outside_angry__AKZRL2QD.mp4,1
D:\archive\DFD_manipulated_sequences\DFD_manipulated_sequences\06_18__kitchen_pan__XJ76YU5A.mp4,1
D:\archive\DFD_manipulated_sequences\DFD_manipulated_sequences\14_06__kitchen_still__8U9ULZDT.mp4,1
D:\archive\DFD_manipulated_sequences\DFD_manipulated_sequences\20_07__outside_talking_pan_laughing__5VT4USF9.mp4,1
D:\archive\DFD_manipulated_sequences\DFD_manipulated_sequences\26_12__outside_talking_still_laughing__LI63E4TS.mp4,1
D:\archive\DFD_manipulated_sequences\DFD_manipulated_sequences\21_09__walking_outside_cafe_disgusted__Z8H2TRCI.mp4,1
D:\archive\DFD_original sequences\25__outside_talking_still_laughing.mp4,0
D:\archive\DFD_original sequences\13__walking_outside_cafe_disgusted.mp4,0
D:\archive\DFD_manipulated_sequences\DFD_manipulated_sequences\03_11__kitchen_pan__P08VGHTA.mp4,1
D:\archive\DFD_manipulated_sequences\DFD_manipulated_sequences\21_12__kitchen_pan__ME7E3R1D.mp4,1
D:\archive\DFD_original sequences\18__walk_down_hall_angry.mp4,0
D:\archive\DFD_manipulated_sequences\DFD_manipulated_sequences\04_26__walking_outside_cafe_disgusted__MS2MLJP1.mp4,1
D:\archive\DFD_manipulated_sequences\DFD_manipulated_sequences\01_11__meeting_serious__WIZ7GKOD.mp4,1
D:\archive\DFD_manipulated_sequences\DFD_manipulated_sequences\12_02__walking_and_outside_surprised__9D2ZHEKW.mp4,1
D:\archive\DFD_manipulated_sequences\DFD_manipulated_sequences\15_06__kitchen_still__E98QYYXO.mp4,1
D:\archive\DFD_original sequences\13__secret_conversation.mp4,0
D:\archive\DFD_manipulated_sequences\DFD_manipulated_sequences\03_20__talking_against_wall__9NFWR304.mp4,1
D:\archive\DFD_original sequences\03__meeting_serious.mp4,0
D:\archive\DFD_manipulated_sequences\DFD_manipulated_sequences\13_04__talking_angry_couch__00T3UYOR.mp4,1
D:\archive\DFD_manipulated_sequences\DFD_manipulated_sequences\08_28__outside_talking_pan_laughing__HIOU8Z8I.mp4,1
D:\archive\DFD_manipulated_sequences\DFD_manipulated_sequences\02_09__walk_down_hall_angry__9TDCEK1Q.mp4,1
D:\archive\DFD_manipulated_sequences\DFD_manipulated_sequences\14_03__exit_phone_room__7JPPCV50.mp4,1
D:\archive\DFD_original sequences\21__exit_phone_room.mp4,0
D:\archive\DFD_original sequences\26__kitchen_pan.mp4,0
D:\archive\DFD_original sequences\16__walking_down_indoor_hall_disgust.mp4,0
D:\archive\DFD_manipulated_sequences\DFD_manipulated_sequences\03_13__talking_against_wall__GBYWJW06.mp4,1
D:\archive\DFD_original sequences\02__secret_conversation.mp4,0
D:\archive\DFD_manipulated_sequences\DFD_manipulated_sequences\03_07__kitchen_pan__WPT3Z2KN.mp4,1
D:\archive\DFD_original sequences\13__outside_talking_pan_laughing.mp4,0
D:\archive\DFD_manipulated_sequences\DFD_manipulated_sequences\13_11__kitchen_pan__61T622EK.mp4,1
D:\archive\DFD_manipulated_sequences\DFD_manipulated_sequences\14_21__exit_phone_room__IRKML4J0.mp4,1
D:\archive\DFD_original sequences\04__podium_speech_happy.mp4,0
D:\archive\DFD_manipulated_sequences\DFD_manipulated_sequences\09_01__talking_angry_couch__6TSGVLHA.mp4,1
D:\archive\DFD_original sequences\17__talking_against_wall.mp4,0
D:\archive\DFD_manipulated_sequences\DFD_manipulated_sequences\27_01__hugging_happy__ZYCZ30C0.mp4,1
D:\archive\DFD_original sequences\19__kitchen_still.mp4,0
D:\archive\DFD_manipulated_sequences\DFD_manipulated_sequences\15_21__walking_outside_cafe_disgusted__87WSBJP3.mp4,1
D:\archive\DFD_original sequences\02__talking_angry_couch.mp4,0
D:\archive\DFD_original sequences\26__outside_talking_still_laughing.mp4,0
D:\archive\DFD_original sequences\13__walking_down_indoor_hall_disgust.mp4,0
D:\archive\DFD_original sequences\15__talking_against_wall.mp4,0
D:\archive\DFD_original sequences\10__podium_speech_happy.mp4,0
D:\archive\DFD_manipulated_sequences\DFD_manipulated_sequences\19_24__walk_down_hall_angry__RKQTC50P.mp4,1
D:\archive\DFD_original sequences\01__talking_against_wall.mp4,0
D:\archive\DFD_manipulated_sequences\DFD_manipulated_sequences\20_25__hugging_happy__M86GQTHK.mp4,1
D:\archive\DFD_manipulated_sequences\DFD_manipulated_sequences\03_06__meeting_serious__83ABVHC3.mp4,1
D:\archive\DFD_manipulated_sequences\DFD_manipulated_sequences\20_11__walk_down_hall_angry__B2H95QXV.mp4,1
D:\archive\DFD_manipulated_sequences\DFD_manipulated_sequences\04_01__outside_talking_still_laughing__0XUW13RW.mp4,1
D:\archive\DFD_manipulated_sequences\DFD_manipulated_sequences\23_19__walking_outside_cafe_disgusted__D1K19NUP.mp4,1
D:\archive\DFD_original sequences\23__secret_conversation.mp4,0
D:\archive\DFD_manipulated_sequences\DFD_manipulated_sequences\21_14__talking_angry_couch__N0WM4GSV.mp4,1
D:\archive\DFD_original sequences\27__walk_down_hall_angry.mp4,0
D:\archive\DFD_manipulated_sequences\DFD_manipulated_sequences\18_27__walk_down_hall_angry__NYHE8D0J.mp4,1
D:\archive\DFD_original sequences\08__kitchen_pan.mp4,0
D:\archive\DFD_manipulated_sequences\DFD_manipulated_sequences\26_20__talking_angry_couch__2VS0S1P5.mp4,1
D:\archive\DFD_manipulated_sequences\DFD_manipulated_sequences\28_05__podium_speech_happy__U9LRLJ6N.mp4,1
D:\archive\DFD_manipulated_sequences\DFD_manipulated_sequences\26_09__outside_talking_still_laughing__QSE5A0GF.mp4,1
D:\archive\DFD_manipulated_sequences\DFD_manipulated_sequences\26_06__podium_speech_happy__L5BVR5L9.mp4,1
D:\archive\DFD_original sequences\23__outside_talking_pan_laughing.mp4,0
D:\archive\DFD_original sequences\07__walk_down_hall_angry.mp4,0
D:\archive\DFD_original sequences\10__talking_against_wall.mp4,0
D:\archive\DFD_original sequences\28__talking_angry_couch.mp4,0
D:\archive\DFD_original sequences\08__talking_against_wall.mp4,0
D:\archive\DFD_manipulated_sequences\DFD_manipulated_sequences\28_05__talking_angry_couch__V20UNLJ5.mp4,1
D:\archive\DFD_original sequences\20__talking_against_wall.mp4,0
D:\archive\DFD_original sequences\04__kitchen_pan.mp4,0
D:\archive\DFD_manipulated_sequences\DFD_manipulated_sequences\11_18__walk_down_hall_angry__PT4YKO2R.mp4,1
D:\archive\DFD_manipulated_sequences\DFD_manipulated_sequences\19_23__talking_angry_couch__WHQ1229T.mp4,1
D:\archive\DFD_manipulated_sequences\DFD_manipulated_sequences\13_07__secret_conversation__RVQCPCJF.mp4,1
D:\archive\DFD_manipulated_sequences\DFD_manipulated_sequences\18_26__kitchen_still__UMEX6HWU.mp4,1
D:\archive\DFD_manipulated_sequences\DFD_manipulated_sequences\20_26__outside_talking_pan_laughing__1UEDQ3GY.mp4,1
D:\archive\DFD_manipulated_sequences\DFD_manipulated_sequences\09_02__kitchen_pan__9TDCEK1Q.mp4,1
D:\archive\DFD_original sequences\21__outside_talking_pan_laughing.mp4,0
D:\archive\DFD_manipulated_sequences\DFD_manipulated_sequences\26_18__kitchen_still__UMEX6HWU.mp4,1
D:\archive\DFD_manipulated_sequences\DFD_manipulated_sequences\06_04__kitchen_still__ZK95PQDE.mp4,1
D:\archive\DFD_manipulated_sequences\DFD_manipulated_sequences\07_12__walking_outside_cafe_disgusted__KAG65PEE.mp4,1
D:\archive\DFD_original sequences\28__outside_talking_pan_laughing.mp4,0
D:\archive\DFD_manipulated_sequences\DFD_manipulated_sequences\15_21__walking_down_indoor_hall_disgust__87WSBJP3.mp4,1
D:\archive\DFD_original sequences\17__walking_down_indoor_hall_disgust.mp4,0
D:\archive\DFD_manipulated_sequences\DFD_manipulated_sequences\25_26__walk_down_hall_angry__XKQAYTLI.mp4,1
D:\archive\DFD_manipulated_sequences\DFD_manipulated_sequences\12_13__secret_conversation__DJ7MF331.mp4,1
D:\archive\DFD_original sequences\27__exit_phone_room.mp4,0
D:\archive\DFD_original sequences\08__podium_speech_happy.mp4,0
D:\archive\DFD_manipulated_sequences\DFD_manipulated_sequences\18_20__outside_talking_pan_laughing__8BMQOD7S.mp4,1
D:\archive\DFD_original sequences\27__outside_talking_still_laughing.mp4,0
D:\archive\DFD_original sequences\25__podium_speech_happy.mp4,0
D:\archive\DFD_manipulated_sequences\DFD_manipulated_sequences\20_09__walking_down_indoor_hall_disgust__0IRM5ADD.mp4,1
D:\archive\DFD_original sequences\13__exit_phone_room.mp4,0
D:\archive\DFD_original sequences\04__walk_down_hall_angry.mp4,0
D:\archive\DFD_original sequences\20__hugging_happy.mp4,0
D:\archive\DFD_original sequences\18__kitchen_still.mp4,0
D:\archive\DFD_manipulated_sequences\DFD_manipulated_sequences\07_21__exit_phone_room__MKU99DVX.mp4,1
D:\archive\DFD_original sequences\10__kitchen_still.mp4,0
D:\archive\DFD_original sequences\01__walking_down_street_outside_angry.mp4,0
D:\archive\DFD_original sequences\09__podium_speech_happy.mp4,0
D:\archive\DFD_manipulated_sequences\DFD_manipulated_sequences\11_06__kitchen_still__C8C4FW99.mp4,1
D:\archive\DFD_original sequences\01__walking_outside_cafe_disgusted.mp4,0
D:\archive\DFD_original sequences\06__talking_angry_couch.mp4,0
D:\archive\DFD_original sequences\05__walking_outside_cafe_disgusted.mp4,0
D:\archive\DFD_manipulated_sequences\DFD_manipulated_sequences\06_03__outside_talking_still_laughing__ZFRX9RKW.mp4,1
D:\archive\DFD_manipulated_sequences\DFD_manipulated_sequences\14_15__kitchen_pan__RF38N10R.mp4,1
D:\archive\DFD_manipulated_sequences\DFD_manipulated_sequences\21_03__talking_against_wall__YCSEBZO4.mp4,1
D:\archive\DFD_original sequences\22__outside_talking_still_laughing.mp4,0
D:\archive\DFD_manipulated_sequences\DFD_manipulated_sequences\01_02__walking_and_outside_surprised__YVGY8LOK.mp4,1
D:\archive\DFD_original sequences\11__kitchen_pan.mp4,0
D:\archive\DFD_manipulated_sequences\DFD_manipulated_sequences\09_25__talking_angry_couch__5041ODBN.mp4,1
D:\archive\DFD_original sequences\15__outside_talking_still_laughing.mp4,0
D:\archive\DFD_manipulated_sequences\DFD_manipulated_sequences\07_02__walking_down_street_outside_angry__UH60ROEK.mp4,1
D:\archive\DFD_manipulated_sequences\DFD_manipulated_sequences\20_13__kitchen_pan__4SAX54BT.mp4,1
D:\archive\DFD_manipulated_sequences\DFD_manipulated_sequences\21_03__walking_down_street_outside_angry__YCSEBZO4.mp4,1
D:\archive\DFD_manipulated_sequences\DFD_manipulated_sequences\06_27__walking_outside_cafe_disgusted__S3T7SK9O.mp4,1
D:\archive\DFD_manipulated_sequences\DFD_manipulated_sequences\03_07__walking_outside_cafe_disgusted__WPT3Z2KN.mp4,1
D:\archive\DFD_original sequences\27__talking_against_wall.mp4,0
D:\archive\DFD_original sequences\14__hugging_happy.mp4,0
D:\archive\DFD_original sequences\28__kitchen_still.mp4,0
D:\archive\DFD_original sequences\13__kitchen_still.mp4,0
D:\archive\DFD_manipulated_sequences\DFD_manipulated_sequences\02_12__podium_speech_happy__9D2ZHEKW.mp4,1
D:\archive\DFD_manipulated_sequences\DFD_manipulated_sequences\06_18__walk_down_hall_angry__OWJY9LQU.mp4,1
D:\archive\DFD_original sequences\05__kitchen_still.mp4,0
D:\archive\DFD_original sequences\01__walking_down_indoor_hall_disgust.mp4,0
D:\archive\DFD_original sequences\05__outside_talking_pan_laughing.mp4,0
D:\archive\DFD_original sequences\19__secret_conversation.mp4,0
D:\archive\DFD_original sequences\15__podium_speech_happy.mp4,0
D:\archive\DFD_original sequences\18__outside_talking_still_laughing.mp4,0
D:\archive\DFD_original sequences\05__outside_talking_still_laughing.mp4,0
D:\archive\DFD_original sequences\22__walking_and_outside_surprised.mp4,0
D:\archive\DFD_original sequences\18__talking_against_wall.mp4,0
D:\archive\DFD_original sequences\12__kitchen_still.mp4,0
D:\archive\DFD_manipulated_sequences\DFD_manipulated_sequences\02_15__kitchen_pan__SB6PMCO0.mp4,1
D:\archive\DFD_manipulated_sequences\DFD_manipulated_sequences\03_07__hugging_happy__IFSURI9X.mp4,1
D:\archive\DFD_manipulated_sequences\DFD_manipulated_sequences\02_27__walking_and_outside_surprised__UGO2181S.mp4,1
D:\archive\DFD_manipulated_sequences\DFD_manipulated_sequences\02_06__walking_and_outside_surprised__O9WOC1KJ.mp4,1
D:\archive\DFD_original sequences\05__walk_down_hall_angry.mp4,0
D:\archive\DFD_manipulated_sequences\DFD_manipulated_sequences\01_04__podium_speech_happy__6I623VU9.mp4,1
D:\archive\DFD_original sequences\05__hugging_happy.mp4,0
D:\archive\DFD_original sequences\10__outside_talking_still_laughing.mp4,0
D:\archive\DFD_manipulated_sequences\DFD_manipulated_sequences\03_26__walk_down_hall_angry__WBSXBL82.mp4,1
D:\archive\DFD_original sequences\20__kitchen_pan.mp4,0
D:\archive\DFD_manipulated_sequences\DFD_manipulated_sequences\09_25__talking_angry_couch__ODAQ7BZL.mp4,1
D:\archive\DFD_original sequences\02__kitchen_still.mp4,0
D:\archive\DFD_original sequences\14__exit_phone_room.mp4,0
D:\archive\DFD_original sequences\12__walk_down_hall_angry.mp4,0
D:\archive\DFD_original sequences\12__kitchen_pan.mp4,0
D:\archive\DFD_original sequences\05__talking_against_wall.mp4,0
D:\archive\DFD_original sequences\12__talking_angry_couch.mp4,0
D:\archive\DFD_manipulated_sequences\DFD_manipulated_sequences\13_26__walking_outside_cafe_disgusted__SU8J9CBG.mp4,1
D:\archive\DFD_manipulated_sequences\DFD_manipulated_sequences\07_20__walk_down_hall_angry__KV6Q7D6C.mp4,1
D:\archive\DFD_manipulated_sequences\DFD_manipulated_sequences\24_19__exit_phone_room__QD5K7BP2.mp4,1
D:\archive\DFD_original sequences\15__walking_down_indoor_hall_disgust.mp4,0
D:\archive\DFD_manipulated_sequences\DFD_manipulated_sequences\03_06__kitchen_still__1IXGY2FK.mp4,1
D:\archive\DFD_original sequences\24__walking_down_street_outside_angry.mp4,0
D:\archive\DFD_original sequences\06__walking_down_indoor_hall_disgust.mp4,0
D:\archive\DFD_original sequences\12__walking_down_indoor_hall_disgust.mp4,0
D:\archive\DFD_manipulated_sequences\DFD_manipulated_sequences\09_20__kitchen_pan__98NUQ3E6.mp4,1
D:\archive\DFD_original sequences\26__talking_against_wall.mp4,0
D:\archive\DFD_manipulated_sequences\DFD_manipulated_sequences\23_24__walking_down_street_outside_angry__YR5OVD4S.mp4,1
D:\archive\DFD_original sequences\02__hugging_happy.mp4,0
D:\archive\DFD_manipulated_sequences\DFD_manipulated_sequences\03_18__secret_conversation__32DBR8L4.mp4,1
D:\archive\DFD_manipulated_sequences\DFD_manipulated_sequences\09_01__outside_talking_still_laughing__SJZRV69J.mp4,1
D:\archive\DFD_manipulated_sequences\DFD_manipulated_sequences\21_11__kitchen_still__T7DK03O1.mp4,1
D:\archive\DFD_manipulated_sequences\DFD_manipulated_sequences\10_22__outside_talking_pan_laughing__8YQ2EUQP.mp4,1
D:\archive\DFD_manipulated_sequences\DFD_manipulated_sequences\05_16__walk_down_hall_angry__4MEM6YNQ.mp4,1
D:\archive\DFD_original sequences\24__outside_talking_still_laughing.mp4,0
D:\archive\DFD_manipulated_sequences\DFD_manipulated_sequences\07_14__hugging_happy__P9QFO50U.mp4,1
D:\archive\DFD_manipulated_sequences\DFD_manipulated_sequences\24_23__podium_speech_happy__YR5OVD4S.mp4,1
D:\archive\DFD_manipulated_sequences\DFD_manipulated_sequences\23_22__walk_down_hall_angry__J671JKCH.mp4,1
D:\archive\DFD_original sequences\02__podium_speech_happy.mp4,0
D:\archive\DFD_original sequences\03__outside_talking_pan_laughing.mp4,0
D:\archive\DFD_manipulated_sequences\DFD_manipulated_sequences\18_12__talking_against_wall__IKH1LBBY.mp4,1
D:\archive\DFD_manipulated_sequences\DFD_manipulated_sequences\13_12__secret_conversation__DJ7MF331.mp4,1
D:\archive\DFD_original sequences\21__walking_and_outside_surprised.mp4,0
D:\archive\DFD_manipulated_sequences\DFD_manipulated_sequences\12_13__walking_and_outside_surprised__DJ7MF331.mp4,1
D:\archive\DFD_original sequences\01__podium_speech_happy.mp4,0
D:\archive\DFD_manipulated_sequences\DFD_manipulated_sequences\28_16__walking_down_street_outside_angry__ZA8XJIE9.mp4,1
D:\archive\DFD_original sequences\03__hugging_happy.mp4,0
D:\archive\DFD_original sequences\10__walk_down_hall_angry.mp4,0
D:\archive\DFD_manipulated_sequences\DFD_manipulated_sequences\06_12__outside_talking_pan_laughing__3K21NFNM.mp4,1
D:\archive\DFD_manipulated_sequences\DFD_manipulated_sequences\03_18__walking_and_outside_surprised__8HNSXOBW.mp4,1
D:\archive\DFD_manipulated_sequences\DFD_manipulated_sequences\27_25__walking_down_street_outside_angry__ZTV6TUQ9.mp4,1
D:\archive\DFD_original sequences\22__podium_speech_happy.mp4,0
D:\archive\DFD_manipulated_sequences\DFD_manipulated_sequences\21_11__kitchen_pan__N6YQW2AP.mp4,1
D:\archive\DFD_manipulated_sequences\DFD_manipulated_sequences\13_15__kitchen_still__X0EIIJF7.mp4,1
D:\archive\DFD_manipulated_sequences\DFD_manipulated_sequences\03_21__walking_down_street_outside_angry__YCSEBZO4.mp4,1
D:\archive\DFD_original sequences\18__podium_speech_happy.mp4,0
D:\archive\DFD_manipulated_sequences\DFD_manipulated_sequences\09_20__exit_phone_room__MKEWB4SM.mp4,1
D:\archive\DFD_original sequences\26__walk_down_hall_angry.mp4,0
D:\archive\DFD_manipulated_sequences\DFD_manipulated_sequences\13_15__walk_down_hall_angry__X0EIIJF7.mp4,1
D:\archive\DFD_manipulated_sequences\DFD_manipulated_sequences\03_07__secret_conversation__IFSURI9X.mp4,1
D:\archive\DFD_manipulated_sequences\DFD_manipulated_sequences\04_15__kitchen_pan__46TJ9IOJ.mp4,1
D:\archive\DFD_manipulated_sequences\DFD_manipulated_sequences\15_03__walking_outside_cafe_disgusted__GZNLO4X9.mp4,1
D:\archive\DFD_original sequences\12__exit_phone_room.mp4,0
D:\archive\DFD_original sequences\27__hugging_happy.mp4,0
D:\archive\DFD_manipulated_sequences\DFD_manipulated_sequences\25_27__outside_talking_still_laughing__1KU29EUL.mp4,1
D:\archive\DFD_original sequences\14__talking_angry_couch.mp4,0
D:\archive\DFD_manipulated_sequences\DFD_manipulated_sequences\07_02__talking_against_wall__U7DEOZNV.mp4,1
D:\archive\DFD_manipulated_sequences\DFD_manipulated_sequences\26_11__walking_outside_cafe_disgusted__ALJ0OHNM.mp4,1
D:\archive\DFD_original sequences\23__walking_down_street_outside_angry.mp4,0
D:\archive\DFD_original sequences\22__exit_phone_room.mp4,0
D:\archive\DFD_manipulated_sequences\DFD_manipulated_sequences\14_06__hugging_happy__8U9ULZDT.mp4,1
D:\archive\DFD_original sequences\08__exit_phone_room.mp4,0
D:\archive\DFD_manipulated_sequences\DFD_manipulated_sequences\11_18__secret_conversation__PT4YKO2R.mp4,1
D:\archive\DFD_original sequences\12__walking_and_outside_surprised.mp4,0
D:\archive\DFD_original sequences\24__secret_conversation.mp4,0
D:\archive\DFD_original sequences\28__walking_down_street_outside_angry.mp4,0
D:\archive\DFD_manipulated_sequences\DFD_manipulated_sequences\03_14__secret_conversation__KJ221YN0.mp4,1
D:\archive\DFD_manipulated_sequences\DFD_manipulated_sequences\20_26__podium_speech_happy__2VS0S1P5.mp4,1
D:\archive\DFD_manipulated_sequences\DFD_manipulated_sequences\02_15__outside_talking_still_laughing__SB6PMCO0.mp4,1
D:\archive\DFD_original sequences\06__podium_speech_happy.mp4,0
D:\archive\DFD_original sequences\06__exit_phone_room.mp4,0
D:\archive\DFD_original sequences\11__walking_outside_cafe_disgusted.mp4,0
D:\archive\DFD_original sequences\12__talking_against_wall.mp4,0
D:\archive\DFD_manipulated_sequences\DFD_manipulated_sequences\28_08__exit_phone_room__5DCAESDA.mp4,1
D:\archive\DFD_manipulated_sequences\DFD_manipulated_sequences\04_12__walking_down_street_outside_angry__96TQKDFJ.mp4,1
D:\archive\DFD_original sequences\03__kitchen_still.mp4,0
D:\archive\DFD_manipulated_sequences\DFD_manipulated_sequences\26_14__walk_down_hall_angry__ILLP29ZH.mp4,1
D:\archive\DFD_manipulated_sequences\DFD_manipulated_sequences\07_25__walking_outside_cafe_disgusted__PAE9HCA8.mp4,1
D:\archive\DFD_original sequences\11__talking_angry_couch.mp4,0
D:\archive\DFD_manipulated_sequences\DFD_manipulated_sequences\15_06__walking_and_outside_surprised__E98QYYXO.mp4,1
D:\archive\DFD_original sequences\16__walking_outside_cafe_disgusted.mp4,0
D:\archive\DFD_manipulated_sequences\DFD_manipulated_sequences\12_03__exit_phone_room__D7G6YJON.mp4,1
D:\archive\DFD_manipulated_sequences\DFD_manipulated_sequences\20_13__exit_phone_room__C50CSOEX.mp4,1
D:\archive\DFD_original sequences\17__podium_speech_happy.mp4,0
D:\archive\DFD_original sequences\14__walking_and_outside_surprised.mp4,0
D:\archive\DFD_original sequences\21__walking_down_indoor_hall_disgust.mp4,0
D:\archive\DFD_manipulated_sequences\DFD_manipulated_sequences\14_06__walking_down_indoor_hall_disgust__8U9ULZDT.mp4,1
D:\archive\DFD_original sequences\11__talking_against_wall.mp4,0
D:\archive\DFD_manipulated_sequences\DFD_manipulated_sequences\22_23__secret_conversation__J8JK3NBV.mp4,1
D:\archive\DFD_original sequences\24__talking_against_wall.mp4,0
D:\archive\DFD_original sequences\20__walking_down_street_outside_angry.mp4,0
D:\archive\DFD_manipulated_sequences\DFD_manipulated_sequences\20_15__outside_talking_still_laughing__99NHTFBM.mp4,1
D:\archive\DFD_manipulated_sequences\DFD_manipulated_sequences\13_15__outside_talking_still_laughing__X0EIIJF7.mp4,1
D:\archive\DFD_manipulated_sequences\DFD_manipulated_sequences\13_15__walking_down_street_outside_angry__X0EIIJF7.mp4,1
D:\archive\DFD_manipulated_sequences\DFD_manipulated_sequences\27_25__walk_down_hall_angry__1KU29EUL.mp4,1
D:\archive\DFD_manipulated_sequences\DFD_manipulated_sequences\28_16__podium_speech_happy__ZA8XJIE9.mp4,1
D:\archive\DFD_manipulated_sequences\DFD_manipulated_sequences\11_01__talking_against_wall__P06JKA75.mp4,1
D:\archive\DFD_original sequences\04__talking_against_wall.mp4,0
D:\archive\DFD_original sequences\21__kitchen_still.mp4,0
D:\archive\DFD_original sequences\18__exit_phone_room.mp4,0
D:\archive\DFD_manipulated_sequences\DFD_manipulated_sequences\26_07__kitchen_pan__FGNGC2GT.mp4,1
D:\archive\DFD_original sequences\10__talking_angry_couch.mp4,0
D:\archive\DFD_original sequences\09__outside_talking_pan_laughing.mp4,0
D:\archive\DFD_manipulated_sequences\DFD_manipulated_sequences\02_15__exit_phone_room__HTG660F8.mp4,1
D:\archive\DFD_original sequences\08__outside_talking_still_laughing.mp4,0
D:\archive\DFD_original sequences\04__outside_talking_pan_laughing.mp4,0
D:\archive\DFD_original sequences\03__walking_and_outside_surprised.mp4,0
D:\archive\DFD_original sequences\08__kitchen_still.mp4,0
D:\archive\DFD_manipulated_sequences\DFD_manipulated_sequences\04_26__walk_down_hall_angry__WX836VLY.mp4,1
D:\archive\DFD_manipulated_sequences\DFD_manipulated_sequences\09_20__outside_talking_pan_laughing__HG1S0KHA.mp4,1
D:\archive\DFD_manipulated_sequences\DFD_manipulated_sequences\18_09__kitchen_pan__3VP8836C.mp4,1
D:\archive\DFD_original sequences\26__walking_down_street_outside_angry.mp4,0
D:\archive\DFD_original sequences\14__outside_talking_pan_laughing.mp4,0
D:\archive\DFD_manipulated_sequences\DFD_manipulated_sequences\20_14__outside_talking_pan_laughing__R7SPX6OK.mp4,1
D:\archive\DFD_original sequences\22__kitchen_pan.mp4,0
D:\archive\DFD_manipulated_sequences\DFD_manipulated_sequences\05_08__kitchen_pan__BGI70HJ5.mp4,1
D:\archive\DFD_original sequences\26__talking_angry_couch.mp4,0
D:\archive\DFD_original sequences\20__walking_outside_cafe_disgusted.mp4,0
D:\archive\DFD_original sequences\01__meeting_serious.mp4,0
D:\archive\DFD_manipulated_sequences\DFD_manipulated_sequences\10_22__kitchen_still__J2HR5HKH.mp4,1
D:\archive\DFD_manipulated_sequences\DFD_manipulated_sequences\09_02__walking_down_street_outside_angry__6KUOFMZW.mp4,1
D:\archive\DFD_original sequences\24__podium_speech_happy.mp4,0
D:\archive\DFD_manipulated_sequences\DFD_manipulated_sequences\21_15__kitchen_pan__87WSBJP3.mp4,1
D:\archive\DFD_original sequences\18__secret_conversation.mp4,0
D:\archive\DFD_original sequences\12__walking_outside_cafe_disgusted.mp4,0
D:\archive\DFD_manipulated_sequences\DFD_manipulated_sequences\03_18__walking_down_indoor_hall_disgust__UEC1BI8E.mp4,1
D:\archive\DFD_original sequences\19__outside_talking_still_laughing.mp4,0
D:\archive\DFD_original sequences\26__outside_talking_pan_laughing.mp4,0
D:\archive\DFD_manipulated_sequences\DFD_manipulated_sequences\07_02__walk_down_hall_angry__O4SXNLRL.mp4,1
D:\archive\DFD_original sequences\17__walk_down_hall_angry.mp4,0
D:\archive\DFD_manipulated_sequences\DFD_manipulated_sequences\13_02__kitchen_pan__CP5HFV3K.mp4,1
D:\archive\DFD_manipulated_sequences\DFD_manipulated_sequences\19_24__outside_talking_pan_laughing__OF8LF68K.mp4,1
D:\archive\DFD_manipulated_sequences\DFD_manipulated_sequences\26_04__walking_down_street_outside_angry__WX836VLY.mp4,1
D:\archive\DFD_manipulated_sequences\DFD_manipulated_sequences\02_18__walking_and_outside_surprised__B95S4G6F.mp4,1
D:\archive\DFD_original sequences\16__kitchen_still.mp4,0
D:\archive\DFD_original sequences\06__hugging_happy.mp4,0
D:\archive\DFD_original sequences\22__walk_down_hall_angry.mp4,0
D:\archive\DFD_original sequences\21__talking_angry_couch.mp4,0
D:\archive\DFD_original sequences\18__walking_outside_cafe_disgusted.mp4,0
D:\archive\DFD_manipulated_sequences\DFD_manipulated_sequences\07_21__outside_talking_still_laughing__K7KXUHMU.mp4,1
D:\archive\DFD_original sequences\13__talking_against_wall.mp4,0
D:\archive\DFD_manipulated_sequences\DFD_manipulated_sequences\21_25__walking_and_outside_surprised__NFBISHIN.mp4,1
D:\archive\DFD_manipulated_sequences\DFD_manipulated_sequences\19_23__walking_outside_cafe_disgusted__H4SUVFTL.mp4,1
D:\archive\DFD_manipulated_sequences\DFD_manipulated_sequences\15_01__kitchen_pan__02HILKYO.mp4,1
D:\archive\DFD_manipulated_sequences\DFD_manipulated_sequences\19_24__walking_down_street_outside_angry__GNHYZ84G.mp4,1
D:\archive\DFD_original sequences\13__podium_speech_happy.mp4,0
D:\archive\DFD_original sequences\02__exit_phone_room.mp4,0
D:\archive\DFD_manipulated_sequences\DFD_manipulated_sequences\02_15__podium_speech_happy__MZWH8ATN.mp4,1
D:\archive\DFD_manipulated_sequences\DFD_manipulated_sequences\01_03__kitchen_pan__JZUXXFRB.mp4,1
D:\archive\DFD_manipulated_sequences\DFD_manipulated_sequences\15_04__walking_down_indoor_hall_disgust__46TJ9IOJ.mp4,1
D:\archive\DFD_original sequences\05__kitchen_pan.mp4,0
D:\archive\DFD_original sequences\15__hugging_happy.mp4,0
D:\archive\DFD_original sequences\24__walking_outside_cafe_disgusted.mp4,0
D:\archive\DFD_original sequences\11__secret_conversation.mp4,0
D:\archive\DFD_original sequences\25__secret_conversation.mp4,0
D:\archive\DFD_original sequences\14__podium_speech_happy.mp4,0
D:\archive\DFD_original sequences\22__walking_down_street_outside_angry.mp4,0
D:\archive\DFD_original sequences\06__kitchen_still.mp4,0
D:\archive\DFD_manipulated_sequences\DFD_manipulated_sequences\20_14__walk_down_hall_angry__B014BKVO.mp4,1
D:\archive\DFD_manipulated_sequences\DFD_manipulated_sequences\13_09__outside_talking_pan_laughing__6K90KFOQ.mp4,1
D:\archive\DFD_original sequences\13__kitchen_pan.mp4,0
D:\archive\DFD_original sequences\26__walking_outside_cafe_disgusted.mp4,0
D:\archive\DFD_manipulated_sequences\DFD_manipulated_sequences\09_02__talking_angry_couch__6KUOFMZW.mp4,1
D:\archive\DFD_manipulated_sequences\DFD_manipulated_sequences\23_19__kitchen_still__WHQ1229T.mp4,1
D:\archive\DFD_manipulated_sequences\DFD_manipulated_sequences\01_12__outside_talking_pan_laughing__TNI7KUZ6.mp4,1
D:\archive\DFD_manipulated_sequences\DFD_manipulated_sequences\13_20__hugging_happy__C50CSOEX.mp4,1
D:\archive\DFD_original sequences\01__kitchen_still.mp4,0
D:\archive\DFD_manipulated_sequences\DFD_manipulated_sequences\12_18__outside_talking_pan_laughing__IKH1LBBY.mp4,1
D:\archive\DFD_manipulated_sequences\DFD_manipulated_sequences\07_14__walking_down_street_outside_angry__VOX29AK0.mp4,1
D:\archive\DFD_manipulated_sequences\DFD_manipulated_sequences\06_27__talking_against_wall__S3T7SK9O.mp4,1
D:\archive\DFD_original sequences\27__outside_talking_pan_laughing.mp4,0
D:\archive\DFD_manipulated_sequences\DFD_manipulated_sequences\26_20__kitchen_pan__C8GN41DU.mp4,1
D:\archive\DFD_manipulated_sequences\DFD_manipulated_sequences\12_07__outside_talking_pan_laughing__0VN0A2T3.mp4,1
D:\archive\DFD_original sequences\27__walking_down_street_outside_angry.mp4,0
D:\archive\DFD_original sequences\07__exit_phone_room.mp4,0
D:\archive\DFD_manipulated_sequences\DFD_manipulated_sequences\02_13__exit_phone_room__CP5HFV3K.mp4,1
D:\archive\DFD_original sequences\24__outside_talking_pan_laughing.mp4,0
D:\archive\DFD_original sequences\06__kitchen_pan.mp4,0
D:\archive\DFD_original sequences\02__walking_and_outside_surprised.mp4,0
D:\archive\DFD_manipulated_sequences\DFD_manipulated_sequences\14_12__outside_talking_pan_laughing__Z7EWFA0P.mp4,1
D:\archive\DFD_original sequences\18__outside_talking_pan_laughing.mp4,0
D:\archive\DFD_manipulated_sequences\DFD_manipulated_sequences\02_12__hugging_happy__9D2ZHEKW.mp4,1
D:\archive\DFD_original sequences\14__walking_outside_cafe_disgusted.mp4,0
D:\archive\DFD_manipulated_sequences\DFD_manipulated_sequences\10_23__outside_talking_pan_laughing__ZHJO34DY.mp4,1
D:\archive\DFD_original sequences\22__talking_against_wall.mp4,0
D:\archive\DFD_manipulated_sequences\DFD_manipulated_sequences\28_05__walking_outside_cafe_disgusted__U9LRLJ6N.mp4,1
D:\archive\DFD_original sequences\07__kitchen_still.mp4,0
D:\archive\DFD_original sequences\09__talking_angry_couch.mp4,0
D:\archive\DFD_manipulated_sequences\DFD_manipulated_sequences\25_18__outside_talking_pan_laughing__41UL3HO6.mp4,1
D:\archive\DFD_manipulated_sequences\DFD_manipulated_sequences\03_06__kitchen_pan__2XWC5JED.mp4,1
D:\archive\DFD_original sequences\15__exit_phone_room.mp4,0
D:\archive\DFD_original sequences\02__walking_down_indoor_hall_disgust.mp4,0
D:\archive\DFD_original sequences\15__outside_talking_pan_laughing.mp4,0
D:\archive\DFD_original sequences\03__talking_against_wall.mp4,0
D:\archive\DFD_manipulated_sequences\DFD_manipulated_sequences\18_06__kitchen_pan__XJ76YU5A.mp4,1
D:\archive\DFD_manipulated_sequences\DFD_manipulated_sequences\07_12__secret_conversation__1MSOAVLL.mp4,1
D:\archive\DFD_manipulated_sequences\DFD_manipulated_sequences\19_24__walk_down_hall_angry__59PN7WZ2.mp4,1
D:\archive\DFD_original sequences\08__walking_outside_cafe_disgusted.mp4,0
D:\archive\DFD_manipulated_sequences\DFD_manipulated_sequences\11_18__outside_talking_pan_laughing__KLKJ9FPE.mp4,1
D:\archive\DFD_original sequences\13__walking_down_street_outside_angry.mp4,0
D:\archive\DFD_manipulated_sequences\DFD_manipulated_sequences\03_15__outside_talking_pan_laughing__Y11NT1YX.mp4,1
D:\archive\DFD_original sequences\01__outside_talking_still_laughing.mp4,0
D:\archive\DFD_original sequences\25__exit_phone_room.mp4,0
D:\archive\DFD_original sequences\15__kitchen_still.mp4,0
D:\archive\DFD_original sequences\21__walking_down_street_outside_angry.mp4,0
D:\archive\DFD_original sequences\12__walking_down_street_outside_angry.mp4,0
D:\archive\DFD_original sequences\23__hugging_happy.mp4,0
D:\archive\DFD_original sequences\16__walking_and_outside_surprised.mp4,0
D:\archive\DFD_original sequences\27__talking_angry_couch.mp4,0
D:\archive\DFD_original sequences\06__walking_and_outside_surprised.mp4,0
D:\archive\DFD_manipulated_sequences\DFD_manipulated_sequences\28_08__kitchen_pan__8BC35RFU.mp4,1
D:\archive\DFD_original sequences\02__walking_down_street_outside_angry.mp4,0
D:\archive\DFD_manipulated_sequences\DFD_manipulated_sequences\28_05__kitchen_pan__W3J028UG.mp4,1
D:\archive\DFD_manipulated_sequences\DFD_manipulated_sequences\07_03__walking_outside_cafe_disgusted__WPT3Z2KN.mp4,1
D:\archive\DFD_original sequences\13__walk_down_hall_angry.mp4,0
D:\archive\DFD_manipulated_sequences\DFD_manipulated_sequences\21_25__walking_down_indoor_hall_disgust__2R46UX3R.mp4,1
D:\archive\DFD_manipulated_sequences\DFD_manipulated_sequences\02_15__talking_against_wall__I8G2LWD1.mp4,1
D:\archive\DFD_manipulated_sequences\DFD_manipulated_sequences\27_02__podium_speech_happy__XFSH3BW7.mp4,1
